ISBN-13,Title,Authors,Published,URL,Author,Categories
9788181473561,,,,,,
9789352500390,CARDIOLOGY UPDATED 2015 (CARDIOLOGICAL SOCIETY OF INDIA) (2VOLS),SANTANU GUHA; SANTANU GUHA; SANTANU GUHA,January 2015,http://isbnsearch.org/isbn/9789352500390,,
9788131235324,,,,,,
9788131244951,,,,,,
9789997637956,Kelley's Textbook of Rheumatology,,2005,http://books.google.co.in/books?id=K2VqAAAAMAAJ&dq=isbn:9789997637956&hl=&source=gbs_api,Edward D. Harris,Arthritis
9789997637949,,,,,,
9780071842327,,,,,,
9781631025976,,,,,,
9780071842303,,,,,,
9789351341932,,,,,,
9780199458080,,,,,,
9788132203773,,,,,,
9789385880926,,,,,,
9789352606344,,,,,,
9788193534267,,,,,,
9788193534274,,,,,,
9788126573660,,,,,,
9780198809937,,,,,,
9789351526520,Textbook of Systemic Vasculitis,,2015-03-10,http://books.google.co.in/books?id=YHsHCgAAQBAJ&dq=isbn:9789351526520&hl=&source=gbs_api,Aman Sharma,Medical
9788131254417,,,,,,
9781943438198,,,,,,
9780702050473,Davidson's Principles and Practice of Medicine,,2014,http://books.google.co.in/books?id=bI3anQEACAAJ&dq=isbn:9780702050473&hl=&source=gbs_api,"Brian R. Walker, Nicki R. Colledge, Stuart Ralston, Ian D. Penman",Diseases
9789386261144,RSSDI DIABETES UPDATE 2016,MADHU SV; MADHU SV; MADHU SV,January 2017,http://isbnsearch.org/isbn/9789386261144,,
9789352705221,Medicine Update & Progress in Medicine 2019 -,,2019-05-31,http://books.google.co.in/books?id=e3KSDwAAQBAJ&dq=isbn:9789352705221&hl=&source=gbs_api,"KK Pareek, G Narsimulu",Medical
9788193182505,Rssdi Handbook Of Diabetes (Pb 2016),,December ,http://isbnsearch.org/isbn/9788193182505,,
9788132244943,,,,,,
9781420070644,"Medical Management of Thyroid Disease, Second Edition",,2009-04-09,http://books.google.co.in/books?id=CTTCwAEACAAJ&dq=isbn:9781420070644&hl=&source=gbs_api,David S. Cooper,Medical
9789386322265,Ramadan & Diabetes Care,,2017-09-30,http://books.google.co.in/books?id=bHjWAQAACAAJ&dq=isbn:9789386322265&hl=&source=gbs_api,"Abdul Hamid Zargar, Sanjay Kalra",Medical
9788181479136,,,,,,
9780199456802,,,,,,
9780070658967,Cardiovascular Diseases&Diabe.,,,http://books.google.co.in/books?id=ONL5JVF3i8MC&dq=isbn:9780070658967&hl=&source=gbs_api,Clark,
9781631026553,,,,,,
9780143424888,It's Normal,,2015-06,http://books.google.co.in/books?id=NKv5jgEACAAJ&dq=isbn:9780143424888&hl=&source=gbs_api,Mahinder Watsa,Sex instruction
9780071824866,CURRENT Medical Diagnosis and Treatment 2015,,2014-09-23,http://books.google.co.in/books?id=fIsrnQEACAAJ&dq=isbn:9780071824866&hl=&source=gbs_api,"Michael W. Rabow, Stephen J. McPhee, Maxine Papadakis",Medical
9789380780375,,,,,,
6802073,,,,,,
9788184733341,,,,,,
9789352501991,,,,,,
9788184481976,Oxygen Therapy,,2008-11-01,http://books.google.co.in/books?id=2r1fAQAACAAJ&dq=isbn:9788184481976&hl=&source=gbs_api,"SK Jindal, Ritesh Agarwal",Medical
9789387506145,,,,,,
9788131254967,,,,,,
9789387085039,Manual of Rheumatology,,November 2018,http://isbnsearch.org/isbn/9789387085039,"Chaturvedi, Ved",
9781942909200,"ECG Masters' Collection, Volume 2: Favorite ECGs from Master Teachers Around the World",Mohammad Shenasa; Mark E.Josephson; N.A. Mark Estes III; Ezra Amsterdam; Melvin Scheinman,February 2018,http://isbnsearch.org/isbn/9781942909200,,
9789387963511,,,,,,
9789351526476,ESI Manual of Clinical Endocrinology,,2015-06-20,http://books.google.co.in/books?id=mwiKDAEACAAJ&dq=isbn:9789351526476&hl=&source=gbs_api,Sarita Bajaj,Medical
9780198789246,,,,,,
9781856422372,,,,,,
9781580406529,,,,,,
9789380206332,Manual of Rheumatology,,2014-09-30,http://books.google.co.in/books?id=J1ytzAEACAAJ&dq=isbn:9789380206332&hl=&source=gbs_api,Urk Rao,Technology & Engineering
